"Source:","/home/daywalker/kicad/retropilot_f405_ecu_v2/retropilot_stm32f405_ecu.sch"
"Date:","Mi 26 Aug 2020 02:21:22 CEST"
"Tool:","Eeschema 5.1.6-c6e7f7d~87~ubuntu18.04.1"
"Generator:","/usr/share/kicad/plugins/bom_csv_grouped_by_value_with_fp.py"
"Component Count:","109"
"Ref","Qnty","Value","Cmp name","Footprint","Description","Vendor"
"C_6002, C_IN_1, C_IN_2, C_IN_3, C_IN_4, C_IN_5, C_IN_6, C_L298_5V1, C_L298_5V2, C_L298_12V1, C_L298_12V2, C_RES1, ","12","100nF","CP","Capacitor_SMD:C_0402_1005Metric","Polarized capacitor",""
"C_HSE_I1, C_HSE_O1, ","2","20pF","CP","Capacitor_SMD:C_0603_1608Metric","Polarized capacitor",""
"C_IN_0, ","1","10uF","CP","Capacitor_Tantalum_SMD:CP_EIA-3216-18_Kemet-A","Polarized capacitor",""
"C_IN_7, ","1","1uF","CP","Capacitor_SMD:C_1206_3216Metric","Polarized capacitor",""
"C_MCP1, C_MCP2, C_VIN1, C_VIN33_1, C_VOUT1, ","5","0.33uF","CP","Capacitor_SMD:C_0805_2012Metric","Polarized capacitor",""
"C_VCAP1, C_VCAP2, ","2","2.2uF","CP","Capacitor_SMD:C_1206_3216Metric","Polarized capacitor",""
"C_VIN33_2, ","1","100uF","CP","Capacitor_Tantalum_SMD:CP_EIA-3528-15_AVX-H","Polarized capacitor",""
"D1, D2, D2_1, D2_2, D2_3, D2_4, D2_5, D2_6, D2_7, D2_8, D3, D4, D5, D6, D7, D8, ","16","SM4007","SM4007","Diode_SMD:D_SOD-123F","1000V 1A General Purpose Rectifier Diode, MELF",""
"D_BLUE1, ","1","LED BL","LED","LED_SMD:LED_0603_1608Metric","Light emitting diode",""
"D_GREEN1, ","1","LED GR","LED","LED_SMD:LED_0603_1608Metric","Light emitting diode",""
"D_RED1, ","1","LED RED","LED","LED_SMD:LED_0603_1608Metric","Light emitting diode",""
"FB_VDDA1, ","1","Ferrite_Bead_Small","Ferrite_Bead_Small","Resistor_SMD:R_0805_2012Metric","Ferrite bead, small symbol",""
"H1, H2, H3, H4, ","4","MountingHole_Pad","MountingHole_Pad","MountingHole:MountingHole_3.2mm_M3_DIN965_Pad","Mounting Hole with connection",""
"J_ACTUATOR1, J_ACTUATOR2, ","2","Conn_01x06_Female (Actuator)","Conn_01x06_Female","Connector_Molex:Molex_Mini-Fit_Jr_5569-06A2_2x03_P4.20mm_Horizontal","Generic connector, single row, 01x06, script generated (kicad-library-utils/schlib/autogen/connector/)",""
"J_CAN1_120, J_CAN2_120, J_CAN3_120, ","3","Conn_01x02_Male","Conn_01x02_Male","Connector_PinHeader_1.27mm:PinHeader_1x02_P1.27mm_Vertical","Generic connector, single row, 01x02, script generated (kicad-library-utils/schlib/autogen/connector/)",""
"J_CAN1_H1, J_CAN1_L1, J_CAN2_H1, J_CAN2_L1, J_CAN3_H1, J_CAN3_L1, J_MCP1_H1, J_MCP2_H1, J_MCP2_L1, ","9","Conn_02x03_Odd_Even","Conn_02x03_Odd_Even","Connector_PinHeader_1.27mm:PinHeader_2x03_P1.27mm_Vertical","Generic connector, double row, 02x03, odd/even pin numbering scheme (row 1 odd numbers, row 2 even numbers), script generated (kicad-library-utils/schlib/autogen/connector/)",""
"J_CAN_1, ","1","Conn_01x04_Female (Main CAN1)","Conn_01x04_Female","Connector_Molex:Molex_Mini-Fit_Jr_5569-04A2_2x02_P4.20mm_Horizontal","Generic connector, single row, 01x04, script generated (kicad-library-utils/schlib/autogen/connector/)",""
"J_CAN_2, ","1","Conn_01x04_Female (CAN2)","Conn_01x04_Female","Connector_Molex:Molex_Mini-Fit_Jr_5569-04A2_2x02_P4.20mm_Horizontal","Generic connector, single row, 01x04, script generated (kicad-library-utils/schlib/autogen/connector/)",""
"J_CAN_3, ","1","Conn_01x04_Female (CAN3)","Conn_01x04_Female","Connector_Molex:Molex_Mini-Fit_Jr_5569-04A2_2x02_P4.20mm_Horizontal","Generic connector, single row, 01x04, script generated (kicad-library-utils/schlib/autogen/connector/)",""
"J_I2C_DISP1, ","1","Conn_01x04_Male (I2C Display)","Conn_01x04_Male","Connector_PinSocket_2.54mm:PinSocket_1x04_P2.54mm_Vertical","Generic connector, single row, 01x04, script generated (kicad-library-utils/schlib/autogen/connector/)",""
"J_INOUT1, J_INOUT2, ","2","Conn_01x08_Female Inputs","Conn_01x08_Female","Connector_Molex:Molex_CLIK-Mate_502386-0870_1x08-1MP_P1.25mm_Horizontal","Generic connector, single row, 01x08, script generated (kicad-library-utils/schlib/autogen/connector/)",""
"J_MCP1_L1, ","1","Conn_02x03_Counter_Clockwise","Conn_02x03_Odd_Even","Connector_PinHeader_1.27mm:PinHeader_2x03_P1.27mm_Vertical","Generic connector, double row, 02x03, odd/even pin numbering scheme (row 1 odd numbers, row 2 even numbers), script generated (kicad-library-utils/schlib/autogen/connector/)",""
"J_OBD1, ","1","PANDA CONNECTOR","Conn_01x16_Female","my_custom_parts:C-OBD-II-16M-E-N-12V","Generic connector, single row, 01x16, script generated (kicad-library-utils/schlib/autogen/connector/)",""
"J_PWR1, ","1","Conn_01x02_Male","Conn_01x02_Male","Connector_Molex:Molex_Mini-Fit_Jr_5569-02A2_2x01_P4.20mm_Horizontal","Generic connector, single row, 01x02, script generated (kicad-library-utils/schlib/autogen/connector/)",""
"J_SERIAL_3, ","1","Conn_01x02_Female","Conn_01x02_Female","Connector_Molex:Molex_CLIK-Mate_502386-0270_1x02-1MP_P1.25mm_Horizontal","Generic connector, single row, 01x02, script generated (kicad-library-utils/schlib/autogen/connector/)",""
"J_SERIAL_DEBUG1, ","1","Conn_01x02_Female","Conn_01x03_Female","Connector_PinSocket_2.54mm:PinSocket_1x03_P2.54mm_Horizontal","Generic connector, single row, 01x03, script generated (kicad-library-utils/schlib/autogen/connector/)",""
"J_STDC1, ","1","Conn_ST_STDC14","Conn_ST_STDC14","Connector_PinHeader_2.54mm:PinHeader_2x07_P2.54mm_Vertical","ST Debug Connector, standard ARM Cortex-M SWD and JTAG interface plus UART",""
"J_VSS_SENSOR1, ","1","Conn_01x03_Female","Conn_01x03_Female","Connector_Molex:Molex_CLIK-Mate_502386-0370_1x03-1MP_P1.25mm_Horizontal","Generic connector, single row, 01x03, script generated (kicad-library-utils/schlib/autogen/connector/)",""
"L298P_DRIVER1, L298P_DRIVER2, ","2","L298P","L298P","Package_SO:HSOP-20-1EP_11.0x15.9mm_P1.27mm_SlugDown","Dual full bridge motor driver, up to 46V, 4A",""
"R_6002_1, R_6002_2, R_6002_3, R_6002_4, R_6002_5, R_6002_6, R_BOOT_0, R_BOOT_1, R_DIV11, R_DIV21, R_RES1, ","11","10K","R","Resistor_SMD:R_0603_1608Metric","Resistor",""
"R_AC_POTI1, R_AC_POTI2, R_RS_MCP1, R_RS_MCP2, ","4","1k","R","Resistor_SMD:R_0603_1608Metric","Resistor",""
"R_CAN1, R_CAN2, R_CAN3, ","3","120","R","Resistor_SMD:R_0603_1608Metric","Resistor",""
"R_D_BL1, R_D_GR1, R_D_RED1, ","3","510","R","Resistor_SMD:R_0603_1608Metric","Resistor",""
"R_DIV12, R_DIV22, ","2","100K","R","Resistor_SMD:R_0603_1608Metric","Resistor",""
"SW_BOOT1, SW_RES1, ","2","SW_Push","SW_Push","Button_Switch_SMD:SW_Push_1P1T_NO_CK_KSC6xxJ","Push button switch, generic, two pins",""
"U1, ","1","STM32F405RGTx","STM32F405RGTx","Package_QFP:LQFP-64_10x10mm_P0.5mm","ARM Cortex-M4 MCU, 1024KB flash, 128KB RAM, 168MHz, 1.8-3.6V, 51 GPIO, LQFP-64",""
"U6002, ","1","MCP6002-xMS","MCP6002-xMS","Package_SO:SOIC-8_3.9x4.9mm_P1.27mm","1MHz, Low-Power Op Amp, MSOP-8",""
"U_NCV7805, ","1","NCV7805BD2TR4G","L7805","Package_TO_SOT_SMD:TO-263-3_TabPin2","Positive 1.5A 35V Linear Regulator, Fixed Output 5V, TO-220/TO-263/TO-252",""
"U_TJA1040_1, U_TJA1040_2, ","2","TJA1040T","TJA1042T","Package_SO:SOIC-8_3.9x4.9mm_P1.27mm","High-Speed CAN Transceiver, standby mode, split pin, SOIC-8",""
"U_UA78M33Q1, ","1","UA78M33QDCYRG4Q1","uA7808","Package_TO_SOT_SMD:SOT-223-3_TabPin2","Positive 1A 35V Linear Regulator, Fixed Output 8V, TO-220/TO-263",""
"Y_8MHZ1, ","1","8Mhz","Crystal","Crystal:Crystal_SMD_5032-2Pin_5.0x3.2mm","Two pin crystal",""
